,voltage,current,lagged_current1,lagged_voltage1,lagged_current2,lagged_voltage2,lagged_current3,lagged_voltage3
0,230.9762700785465,3.711542439679244,5.555025131886299,224.51511712366826,2.2746596786351727,231.02064555544493,1.7877469210628525,236.20265674431585
1,236.65239691095877,0.5189586577259337,2.6702120269847582,220.4043679488065,2.2367040065371118,221.7425859940308,4.3288995822277885,221.42072116395775
2,233.09103522803545,3.39878592056976,3.7134228596563283,226.3288810406806,3.516007593270193,227.45896043655716,2.69037539564923,226.9982164437725